sequence	frame	bin_path	label_path
00	000039	SemanticKitti/sequences/00/velodyne/000039.bin	SemanticKitti/sequences/00/polar_512_prlb/000039.pt
00	000070	SemanticKitti/sequences/00/velodyne/000070.bin	SemanticKitti/sequences/00/polar_512_prlb/000070.pt
00	000189	SemanticKitti/sequences/00/velodyne/000189.bin	SemanticKitti/sequences/00/polar_512_prlb/000189.pt
00	000227	SemanticKitti/sequences/00/velodyne/000227.bin	SemanticKitti/sequences/00/polar_512_prlb/000227.pt
00	000362	SemanticKitti/sequences/00/velodyne/000362.bin	SemanticKitti/sequences/00/polar_512_prlb/000362.pt
00	000403	SemanticKitti/sequences/00/velodyne/000403.bin	SemanticKitti/sequences/00/polar_512_prlb/000403.pt
00	000495	SemanticKitti/sequences/00/velodyne/000495.bin	SemanticKitti/sequences/00/polar_512_prlb/000495.pt
00	000625	SemanticKitti/sequences/00/velodyne/000625.bin	SemanticKitti/sequences/00/polar_512_prlb/000625.pt
00	000626	SemanticKitti/sequences/00/velodyne/000626.bin	SemanticKitti/sequences/00/polar_512_prlb/000626.pt
00	000648	SemanticKitti/sequences/00/velodyne/000648.bin	SemanticKitti/sequences/00/polar_512_prlb/000648.pt
00	000649	SemanticKitti/sequences/00/velodyne/000649.bin	SemanticKitti/sequences/00/polar_512_prlb/000649.pt
00	000658	SemanticKitti/sequences/00/velodyne/000658.bin	SemanticKitti/sequences/00/polar_512_prlb/000658.pt
00	000708	SemanticKitti/sequences/00/velodyne/000708.bin	SemanticKitti/sequences/00/polar_512_prlb/000708.pt
00	000760	SemanticKitti/sequences/00/velodyne/000760.bin	SemanticKitti/sequences/00/polar_512_prlb/000760.pt
00	000792	SemanticKitti/sequences/00/velodyne/000792.bin	SemanticKitti/sequences/00/polar_512_prlb/000792.pt
00	000795	SemanticKitti/sequences/00/velodyne/000795.bin	SemanticKitti/sequences/00/polar_512_prlb/000795.pt
00	000798	SemanticKitti/sequences/00/velodyne/000798.bin	SemanticKitti/sequences/00/polar_512_prlb/000798.pt
00	000889	SemanticKitti/sequences/00/velodyne/000889.bin	SemanticKitti/sequences/00/polar_512_prlb/000889.pt
00	000899	SemanticKitti/sequences/00/velodyne/000899.bin	SemanticKitti/sequences/00/polar_512_prlb/000899.pt
00	000928	SemanticKitti/sequences/00/velodyne/000928.bin	SemanticKitti/sequences/00/polar_512_prlb/000928.pt
00	000958	SemanticKitti/sequences/00/velodyne/000958.bin	SemanticKitti/sequences/00/polar_512_prlb/000958.pt
00	000984	SemanticKitti/sequences/00/velodyne/000984.bin	SemanticKitti/sequences/00/polar_512_prlb/000984.pt
00	001048	SemanticKitti/sequences/00/velodyne/001048.bin	SemanticKitti/sequences/00/polar_512_prlb/001048.pt
00	001110	SemanticKitti/sequences/00/velodyne/001110.bin	SemanticKitti/sequences/00/polar_512_prlb/001110.pt
00	001123	SemanticKitti/sequences/00/velodyne/001123.bin	SemanticKitti/sequences/00/polar_512_prlb/001123.pt
00	001127	SemanticKitti/sequences/00/velodyne/001127.bin	SemanticKitti/sequences/00/polar_512_prlb/001127.pt
00	001225	SemanticKitti/sequences/00/velodyne/001225.bin	SemanticKitti/sequences/00/polar_512_prlb/001225.pt
00	001292	SemanticKitti/sequences/00/velodyne/001292.bin	SemanticKitti/sequences/00/polar_512_prlb/001292.pt
00	001308	SemanticKitti/sequences/00/velodyne/001308.bin	SemanticKitti/sequences/00/polar_512_prlb/001308.pt
00	001316	SemanticKitti/sequences/00/velodyne/001316.bin	SemanticKitti/sequences/00/polar_512_prlb/001316.pt
00	001329	SemanticKitti/sequences/00/velodyne/001329.bin	SemanticKitti/sequences/00/polar_512_prlb/001329.pt
00	001358	SemanticKitti/sequences/00/velodyne/001358.bin	SemanticKitti/sequences/00/polar_512_prlb/001358.pt
00	001367	SemanticKitti/sequences/00/velodyne/001367.bin	SemanticKitti/sequences/00/polar_512_prlb/001367.pt
00	001395	SemanticKitti/sequences/00/velodyne/001395.bin	SemanticKitti/sequences/00/polar_512_prlb/001395.pt
00	001434	SemanticKitti/sequences/00/velodyne/001434.bin	SemanticKitti/sequences/00/polar_512_prlb/001434.pt
00	001446	SemanticKitti/sequences/00/velodyne/001446.bin	SemanticKitti/sequences/00/polar_512_prlb/001446.pt
00	001459	SemanticKitti/sequences/00/velodyne/001459.bin	SemanticKitti/sequences/00/polar_512_prlb/001459.pt
00	001464	SemanticKitti/sequences/00/velodyne/001464.bin	SemanticKitti/sequences/00/polar_512_prlb/001464.pt
00	001540	SemanticKitti/sequences/00/velodyne/001540.bin	SemanticKitti/sequences/00/polar_512_prlb/001540.pt
00	001612	SemanticKitti/sequences/00/velodyne/001612.bin	SemanticKitti/sequences/00/polar_512_prlb/001612.pt
00	001613	SemanticKitti/sequences/00/velodyne/001613.bin	SemanticKitti/sequences/00/polar_512_prlb/001613.pt
00	001622	SemanticKitti/sequences/00/velodyne/001622.bin	SemanticKitti/sequences/00/polar_512_prlb/001622.pt
00	001720	SemanticKitti/sequences/00/velodyne/001720.bin	SemanticKitti/sequences/00/polar_512_prlb/001720.pt
00	001767	SemanticKitti/sequences/00/velodyne/001767.bin	SemanticKitti/sequences/00/polar_512_prlb/001767.pt
00	001825	SemanticKitti/sequences/00/velodyne/001825.bin	SemanticKitti/sequences/00/polar_512_prlb/001825.pt
00	001860	SemanticKitti/sequences/00/velodyne/001860.bin	SemanticKitti/sequences/00/polar_512_prlb/001860.pt
00	001884	SemanticKitti/sequences/00/velodyne/001884.bin	SemanticKitti/sequences/00/polar_512_prlb/001884.pt
00	001894	SemanticKitti/sequences/00/velodyne/001894.bin	SemanticKitti/sequences/00/polar_512_prlb/001894.pt
00	001904	SemanticKitti/sequences/00/velodyne/001904.bin	SemanticKitti/sequences/00/polar_512_prlb/001904.pt
00	001914	SemanticKitti/sequences/00/velodyne/001914.bin	SemanticKitti/sequences/00/polar_512_prlb/001914.pt
00	001944	SemanticKitti/sequences/00/velodyne/001944.bin	SemanticKitti/sequences/00/polar_512_prlb/001944.pt
00	002065	SemanticKitti/sequences/00/velodyne/002065.bin	SemanticKitti/sequences/00/polar_512_prlb/002065.pt
00	002124	SemanticKitti/sequences/00/velodyne/002124.bin	SemanticKitti/sequences/00/polar_512_prlb/002124.pt
00	002150	SemanticKitti/sequences/00/velodyne/002150.bin	SemanticKitti/sequences/00/polar_512_prlb/002150.pt
00	002187	SemanticKitti/sequences/00/velodyne/002187.bin	SemanticKitti/sequences/00/polar_512_prlb/002187.pt
00	002256	SemanticKitti/sequences/00/velodyne/002256.bin	SemanticKitti/sequences/00/polar_512_prlb/002256.pt
00	002294	SemanticKitti/sequences/00/velodyne/002294.bin	SemanticKitti/sequences/00/polar_512_prlb/002294.pt
00	002345	SemanticKitti/sequences/00/velodyne/002345.bin	SemanticKitti/sequences/00/polar_512_prlb/002345.pt
00	002367	SemanticKitti/sequences/00/velodyne/002367.bin	SemanticKitti/sequences/00/polar_512_prlb/002367.pt
00	002371	SemanticKitti/sequences/00/velodyne/002371.bin	SemanticKitti/sequences/00/polar_512_prlb/002371.pt
00	002451	SemanticKitti/sequences/00/velodyne/002451.bin	SemanticKitti/sequences/00/polar_512_prlb/002451.pt
00	002503	SemanticKitti/sequences/00/velodyne/002503.bin	SemanticKitti/sequences/00/polar_512_prlb/002503.pt
00	002535	SemanticKitti/sequences/00/velodyne/002535.bin	SemanticKitti/sequences/00/polar_512_prlb/002535.pt
00	002546	SemanticKitti/sequences/00/velodyne/002546.bin	SemanticKitti/sequences/00/polar_512_prlb/002546.pt
00	002558	SemanticKitti/sequences/00/velodyne/002558.bin	SemanticKitti/sequences/00/polar_512_prlb/002558.pt
00	002578	SemanticKitti/sequences/00/velodyne/002578.bin	SemanticKitti/sequences/00/polar_512_prlb/002578.pt
00	002597	SemanticKitti/sequences/00/velodyne/002597.bin	SemanticKitti/sequences/00/polar_512_prlb/002597.pt
00	002681	SemanticKitti/sequences/00/velodyne/002681.bin	SemanticKitti/sequences/00/polar_512_prlb/002681.pt
00	002737	SemanticKitti/sequences/00/velodyne/002737.bin	SemanticKitti/sequences/00/polar_512_prlb/002737.pt
00	002756	SemanticKitti/sequences/00/velodyne/002756.bin	SemanticKitti/sequences/00/polar_512_prlb/002756.pt
00	002820	SemanticKitti/sequences/00/velodyne/002820.bin	SemanticKitti/sequences/00/polar_512_prlb/002820.pt
00	002905	SemanticKitti/sequences/00/velodyne/002905.bin	SemanticKitti/sequences/00/polar_512_prlb/002905.pt
00	002907	SemanticKitti/sequences/00/velodyne/002907.bin	SemanticKitti/sequences/00/polar_512_prlb/002907.pt
00	002909	SemanticKitti/sequences/00/velodyne/002909.bin	SemanticKitti/sequences/00/polar_512_prlb/002909.pt
00	002940	SemanticKitti/sequences/00/velodyne/002940.bin	SemanticKitti/sequences/00/polar_512_prlb/002940.pt
00	002969	SemanticKitti/sequences/00/velodyne/002969.bin	SemanticKitti/sequences/00/polar_512_prlb/002969.pt
00	003052	SemanticKitti/sequences/00/velodyne/003052.bin	SemanticKitti/sequences/00/polar_512_prlb/003052.pt
00	003059	SemanticKitti/sequences/00/velodyne/003059.bin	SemanticKitti/sequences/00/polar_512_prlb/003059.pt
00	003063	SemanticKitti/sequences/00/velodyne/003063.bin	SemanticKitti/sequences/00/polar_512_prlb/003063.pt
00	003114	SemanticKitti/sequences/00/velodyne/003114.bin	SemanticKitti/sequences/00/polar_512_prlb/003114.pt
00	003193	SemanticKitti/sequences/00/velodyne/003193.bin	SemanticKitti/sequences/00/polar_512_prlb/003193.pt
00	003242	SemanticKitti/sequences/00/velodyne/003242.bin	SemanticKitti/sequences/00/polar_512_prlb/003242.pt
00	003304	SemanticKitti/sequences/00/velodyne/003304.bin	SemanticKitti/sequences/00/polar_512_prlb/003304.pt
00	003405	SemanticKitti/sequences/00/velodyne/003405.bin	SemanticKitti/sequences/00/polar_512_prlb/003405.pt
00	003510	SemanticKitti/sequences/00/velodyne/003510.bin	SemanticKitti/sequences/00/polar_512_prlb/003510.pt
00	003524	SemanticKitti/sequences/00/velodyne/003524.bin	SemanticKitti/sequences/00/polar_512_prlb/003524.pt
00	003609	SemanticKitti/sequences/00/velodyne/003609.bin	SemanticKitti/sequences/00/polar_512_prlb/003609.pt
00	003748	SemanticKitti/sequences/00/velodyne/003748.bin	SemanticKitti/sequences/00/polar_512_prlb/003748.pt
00	003780	SemanticKitti/sequences/00/velodyne/003780.bin	SemanticKitti/sequences/00/polar_512_prlb/003780.pt
00	003813	SemanticKitti/sequences/00/velodyne/003813.bin	SemanticKitti/sequences/00/polar_512_prlb/003813.pt
00	003820	SemanticKitti/sequences/00/velodyne/003820.bin	SemanticKitti/sequences/00/polar_512_prlb/003820.pt
00	003821	SemanticKitti/sequences/00/velodyne/003821.bin	SemanticKitti/sequences/00/polar_512_prlb/003821.pt
00	003944	SemanticKitti/sequences/00/velodyne/003944.bin	SemanticKitti/sequences/00/polar_512_prlb/003944.pt
00	003950	SemanticKitti/sequences/00/velodyne/003950.bin	SemanticKitti/sequences/00/polar_512_prlb/003950.pt
00	003952	SemanticKitti/sequences/00/velodyne/003952.bin	SemanticKitti/sequences/00/polar_512_prlb/003952.pt
00	004003	SemanticKitti/sequences/00/velodyne/004003.bin	SemanticKitti/sequences/00/polar_512_prlb/004003.pt
00	004030	SemanticKitti/sequences/00/velodyne/004030.bin	SemanticKitti/sequences/00/polar_512_prlb/004030.pt
00	004042	SemanticKitti/sequences/00/velodyne/004042.bin	SemanticKitti/sequences/00/polar_512_prlb/004042.pt
00	004055	SemanticKitti/sequences/00/velodyne/004055.bin	SemanticKitti/sequences/00/polar_512_prlb/004055.pt
00	004065	SemanticKitti/sequences/00/velodyne/004065.bin	SemanticKitti/sequences/00/polar_512_prlb/004065.pt
00	004082	SemanticKitti/sequences/00/velodyne/004082.bin	SemanticKitti/sequences/00/polar_512_prlb/004082.pt
00	004121	SemanticKitti/sequences/00/velodyne/004121.bin	SemanticKitti/sequences/00/polar_512_prlb/004121.pt
00	004123	SemanticKitti/sequences/00/velodyne/004123.bin	SemanticKitti/sequences/00/polar_512_prlb/004123.pt
00	004132	SemanticKitti/sequences/00/velodyne/004132.bin	SemanticKitti/sequences/00/polar_512_prlb/004132.pt
00	004180	SemanticKitti/sequences/00/velodyne/004180.bin	SemanticKitti/sequences/00/polar_512_prlb/004180.pt
00	004200	SemanticKitti/sequences/00/velodyne/004200.bin	SemanticKitti/sequences/00/polar_512_prlb/004200.pt
00	004213	SemanticKitti/sequences/00/velodyne/004213.bin	SemanticKitti/sequences/00/polar_512_prlb/004213.pt
00	004230	SemanticKitti/sequences/00/velodyne/004230.bin	SemanticKitti/sequences/00/polar_512_prlb/004230.pt
00	004269	SemanticKitti/sequences/00/velodyne/004269.bin	SemanticKitti/sequences/00/polar_512_prlb/004269.pt
00	004291	SemanticKitti/sequences/00/velodyne/004291.bin	SemanticKitti/sequences/00/polar_512_prlb/004291.pt
00	004313	SemanticKitti/sequences/00/velodyne/004313.bin	SemanticKitti/sequences/00/polar_512_prlb/004313.pt
00	004332	SemanticKitti/sequences/00/velodyne/004332.bin	SemanticKitti/sequences/00/polar_512_prlb/004332.pt
00	004335	SemanticKitti/sequences/00/velodyne/004335.bin	SemanticKitti/sequences/00/polar_512_prlb/004335.pt
00	004381	SemanticKitti/sequences/00/velodyne/004381.bin	SemanticKitti/sequences/00/polar_512_prlb/004381.pt
00	004478	SemanticKitti/sequences/00/velodyne/004478.bin	SemanticKitti/sequences/00/polar_512_prlb/004478.pt
00	004487	SemanticKitti/sequences/00/velodyne/004487.bin	SemanticKitti/sequences/00/polar_512_prlb/004487.pt
00	004501	SemanticKitti/sequences/00/velodyne/004501.bin	SemanticKitti/sequences/00/polar_512_prlb/004501.pt
00	004526	SemanticKitti/sequences/00/velodyne/004526.bin	SemanticKitti/sequences/00/polar_512_prlb/004526.pt
01	000051	SemanticKitti/sequences/01/velodyne/000051.bin	SemanticKitti/sequences/01/polar_512_prlb/000051.pt
01	000118	SemanticKitti/sequences/01/velodyne/000118.bin	SemanticKitti/sequences/01/polar_512_prlb/000118.pt
01	000204	SemanticKitti/sequences/01/velodyne/000204.bin	SemanticKitti/sequences/01/polar_512_prlb/000204.pt
01	000205	SemanticKitti/sequences/01/velodyne/000205.bin	SemanticKitti/sequences/01/polar_512_prlb/000205.pt
01	000348	SemanticKitti/sequences/01/velodyne/000348.bin	SemanticKitti/sequences/01/polar_512_prlb/000348.pt
01	000398	SemanticKitti/sequences/01/velodyne/000398.bin	SemanticKitti/sequences/01/polar_512_prlb/000398.pt
01	000405	SemanticKitti/sequences/01/velodyne/000405.bin	SemanticKitti/sequences/01/polar_512_prlb/000405.pt
01	000417	SemanticKitti/sequences/01/velodyne/000417.bin	SemanticKitti/sequences/01/polar_512_prlb/000417.pt
01	000443	SemanticKitti/sequences/01/velodyne/000443.bin	SemanticKitti/sequences/01/polar_512_prlb/000443.pt
01	000450	SemanticKitti/sequences/01/velodyne/000450.bin	SemanticKitti/sequences/01/polar_512_prlb/000450.pt
01	000467	SemanticKitti/sequences/01/velodyne/000467.bin	SemanticKitti/sequences/01/polar_512_prlb/000467.pt
01	000521	SemanticKitti/sequences/01/velodyne/000521.bin	SemanticKitti/sequences/01/polar_512_prlb/000521.pt
01	000614	SemanticKitti/sequences/01/velodyne/000614.bin	SemanticKitti/sequences/01/polar_512_prlb/000614.pt
01	000629	SemanticKitti/sequences/01/velodyne/000629.bin	SemanticKitti/sequences/01/polar_512_prlb/000629.pt
01	000694	SemanticKitti/sequences/01/velodyne/000694.bin	SemanticKitti/sequences/01/polar_512_prlb/000694.pt
01	000708	SemanticKitti/sequences/01/velodyne/000708.bin	SemanticKitti/sequences/01/polar_512_prlb/000708.pt
01	000750	SemanticKitti/sequences/01/velodyne/000750.bin	SemanticKitti/sequences/01/polar_512_prlb/000750.pt
01	000975	SemanticKitti/sequences/01/velodyne/000975.bin	SemanticKitti/sequences/01/polar_512_prlb/000975.pt
01	001001	SemanticKitti/sequences/01/velodyne/001001.bin	SemanticKitti/sequences/01/polar_512_prlb/001001.pt
01	001020	SemanticKitti/sequences/01/velodyne/001020.bin	SemanticKitti/sequences/01/polar_512_prlb/001020.pt
02	000064	SemanticKitti/sequences/02/velodyne/000064.bin	SemanticKitti/sequences/02/polar_512_prlb/000064.pt
02	000109	SemanticKitti/sequences/02/velodyne/000109.bin	SemanticKitti/sequences/02/polar_512_prlb/000109.pt
02	000126	SemanticKitti/sequences/02/velodyne/000126.bin	SemanticKitti/sequences/02/polar_512_prlb/000126.pt
02	000186	SemanticKitti/sequences/02/velodyne/000186.bin	SemanticKitti/sequences/02/polar_512_prlb/000186.pt
02	000318	SemanticKitti/sequences/02/velodyne/000318.bin	SemanticKitti/sequences/02/polar_512_prlb/000318.pt
02	000329	SemanticKitti/sequences/02/velodyne/000329.bin	SemanticKitti/sequences/02/polar_512_prlb/000329.pt
02	000332	SemanticKitti/sequences/02/velodyne/000332.bin	SemanticKitti/sequences/02/polar_512_prlb/000332.pt
02	000370	SemanticKitti/sequences/02/velodyne/000370.bin	SemanticKitti/sequences/02/polar_512_prlb/000370.pt
02	000406	SemanticKitti/sequences/02/velodyne/000406.bin	SemanticKitti/sequences/02/polar_512_prlb/000406.pt
02	000462	SemanticKitti/sequences/02/velodyne/000462.bin	SemanticKitti/sequences/02/polar_512_prlb/000462.pt
02	000512	SemanticKitti/sequences/02/velodyne/000512.bin	SemanticKitti/sequences/02/polar_512_prlb/000512.pt
02	000526	SemanticKitti/sequences/02/velodyne/000526.bin	SemanticKitti/sequences/02/polar_512_prlb/000526.pt
02	000534	SemanticKitti/sequences/02/velodyne/000534.bin	SemanticKitti/sequences/02/polar_512_prlb/000534.pt
02	000571	SemanticKitti/sequences/02/velodyne/000571.bin	SemanticKitti/sequences/02/polar_512_prlb/000571.pt
02	000590	SemanticKitti/sequences/02/velodyne/000590.bin	SemanticKitti/sequences/02/polar_512_prlb/000590.pt
02	000676	SemanticKitti/sequences/02/velodyne/000676.bin	SemanticKitti/sequences/02/polar_512_prlb/000676.pt
02	000698	SemanticKitti/sequences/02/velodyne/000698.bin	SemanticKitti/sequences/02/polar_512_prlb/000698.pt
02	000762	SemanticKitti/sequences/02/velodyne/000762.bin	SemanticKitti/sequences/02/polar_512_prlb/000762.pt
02	000834	SemanticKitti/sequences/02/velodyne/000834.bin	SemanticKitti/sequences/02/polar_512_prlb/000834.pt
02	000852	SemanticKitti/sequences/02/velodyne/000852.bin	SemanticKitti/sequences/02/polar_512_prlb/000852.pt
02	000869	SemanticKitti/sequences/02/velodyne/000869.bin	SemanticKitti/sequences/02/polar_512_prlb/000869.pt
02	000926	SemanticKitti/sequences/02/velodyne/000926.bin	SemanticKitti/sequences/02/polar_512_prlb/000926.pt
02	000935	SemanticKitti/sequences/02/velodyne/000935.bin	SemanticKitti/sequences/02/polar_512_prlb/000935.pt
02	000945	SemanticKitti/sequences/02/velodyne/000945.bin	SemanticKitti/sequences/02/polar_512_prlb/000945.pt
02	001054	SemanticKitti/sequences/02/velodyne/001054.bin	SemanticKitti/sequences/02/polar_512_prlb/001054.pt
02	001058	SemanticKitti/sequences/02/velodyne/001058.bin	SemanticKitti/sequences/02/polar_512_prlb/001058.pt
02	001089	SemanticKitti/sequences/02/velodyne/001089.bin	SemanticKitti/sequences/02/polar_512_prlb/001089.pt
02	001113	SemanticKitti/sequences/02/velodyne/001113.bin	SemanticKitti/sequences/02/polar_512_prlb/001113.pt
02	001117	SemanticKitti/sequences/02/velodyne/001117.bin	SemanticKitti/sequences/02/polar_512_prlb/001117.pt
02	001142	SemanticKitti/sequences/02/velodyne/001142.bin	SemanticKitti/sequences/02/polar_512_prlb/001142.pt
02	001179	SemanticKitti/sequences/02/velodyne/001179.bin	SemanticKitti/sequences/02/polar_512_prlb/001179.pt
02	001190	SemanticKitti/sequences/02/velodyne/001190.bin	SemanticKitti/sequences/02/polar_512_prlb/001190.pt
02	001232	SemanticKitti/sequences/02/velodyne/001232.bin	SemanticKitti/sequences/02/polar_512_prlb/001232.pt
02	001235	SemanticKitti/sequences/02/velodyne/001235.bin	SemanticKitti/sequences/02/polar_512_prlb/001235.pt
02	001283	SemanticKitti/sequences/02/velodyne/001283.bin	SemanticKitti/sequences/02/polar_512_prlb/001283.pt
02	001305	SemanticKitti/sequences/02/velodyne/001305.bin	SemanticKitti/sequences/02/polar_512_prlb/001305.pt
02	001340	SemanticKitti/sequences/02/velodyne/001340.bin	SemanticKitti/sequences/02/polar_512_prlb/001340.pt
02	001372	SemanticKitti/sequences/02/velodyne/001372.bin	SemanticKitti/sequences/02/polar_512_prlb/001372.pt
02	001378	SemanticKitti/sequences/02/velodyne/001378.bin	SemanticKitti/sequences/02/polar_512_prlb/001378.pt
02	001418	SemanticKitti/sequences/02/velodyne/001418.bin	SemanticKitti/sequences/02/polar_512_prlb/001418.pt
02	001421	SemanticKitti/sequences/02/velodyne/001421.bin	SemanticKitti/sequences/02/polar_512_prlb/001421.pt
02	001555	SemanticKitti/sequences/02/velodyne/001555.bin	SemanticKitti/sequences/02/polar_512_prlb/001555.pt
02	001590	SemanticKitti/sequences/02/velodyne/001590.bin	SemanticKitti/sequences/02/polar_512_prlb/001590.pt
02	001615	SemanticKitti/sequences/02/velodyne/001615.bin	SemanticKitti/sequences/02/polar_512_prlb/001615.pt
02	001661	SemanticKitti/sequences/02/velodyne/001661.bin	SemanticKitti/sequences/02/polar_512_prlb/001661.pt
02	001675	SemanticKitti/sequences/02/velodyne/001675.bin	SemanticKitti/sequences/02/polar_512_prlb/001675.pt
02	001733	SemanticKitti/sequences/02/velodyne/001733.bin	SemanticKitti/sequences/02/polar_512_prlb/001733.pt
02	001804	SemanticKitti/sequences/02/velodyne/001804.bin	SemanticKitti/sequences/02/polar_512_prlb/001804.pt
02	001824	SemanticKitti/sequences/02/velodyne/001824.bin	SemanticKitti/sequences/02/polar_512_prlb/001824.pt
02	001880	SemanticKitti/sequences/02/velodyne/001880.bin	SemanticKitti/sequences/02/polar_512_prlb/001880.pt
02	001947	SemanticKitti/sequences/02/velodyne/001947.bin	SemanticKitti/sequences/02/polar_512_prlb/001947.pt
02	002020	SemanticKitti/sequences/02/velodyne/002020.bin	SemanticKitti/sequences/02/polar_512_prlb/002020.pt
02	002024	SemanticKitti/sequences/02/velodyne/002024.bin	SemanticKitti/sequences/02/polar_512_prlb/002024.pt
02	002037	SemanticKitti/sequences/02/velodyne/002037.bin	SemanticKitti/sequences/02/polar_512_prlb/002037.pt
02	002050	SemanticKitti/sequences/02/velodyne/002050.bin	SemanticKitti/sequences/02/polar_512_prlb/002050.pt
02	002055	SemanticKitti/sequences/02/velodyne/002055.bin	SemanticKitti/sequences/02/polar_512_prlb/002055.pt
02	002071	SemanticKitti/sequences/02/velodyne/002071.bin	SemanticKitti/sequences/02/polar_512_prlb/002071.pt
02	002120	SemanticKitti/sequences/02/velodyne/002120.bin	SemanticKitti/sequences/02/polar_512_prlb/002120.pt
02	002123	SemanticKitti/sequences/02/velodyne/002123.bin	SemanticKitti/sequences/02/polar_512_prlb/002123.pt
02	002130	SemanticKitti/sequences/02/velodyne/002130.bin	SemanticKitti/sequences/02/polar_512_prlb/002130.pt
02	002189	SemanticKitti/sequences/02/velodyne/002189.bin	SemanticKitti/sequences/02/polar_512_prlb/002189.pt
02	002230	SemanticKitti/sequences/02/velodyne/002230.bin	SemanticKitti/sequences/02/polar_512_prlb/002230.pt
02	002256	SemanticKitti/sequences/02/velodyne/002256.bin	SemanticKitti/sequences/02/polar_512_prlb/002256.pt
02	002301	SemanticKitti/sequences/02/velodyne/002301.bin	SemanticKitti/sequences/02/polar_512_prlb/002301.pt
02	002342	SemanticKitti/sequences/02/velodyne/002342.bin	SemanticKitti/sequences/02/polar_512_prlb/002342.pt
02	002367	SemanticKitti/sequences/02/velodyne/002367.bin	SemanticKitti/sequences/02/polar_512_prlb/002367.pt
02	002376	SemanticKitti/sequences/02/velodyne/002376.bin	SemanticKitti/sequences/02/polar_512_prlb/002376.pt
02	002429	SemanticKitti/sequences/02/velodyne/002429.bin	SemanticKitti/sequences/02/polar_512_prlb/002429.pt
02	002466	SemanticKitti/sequences/02/velodyne/002466.bin	SemanticKitti/sequences/02/polar_512_prlb/002466.pt
02	002487	SemanticKitti/sequences/02/velodyne/002487.bin	SemanticKitti/sequences/02/polar_512_prlb/002487.pt
02	002581	SemanticKitti/sequences/02/velodyne/002581.bin	SemanticKitti/sequences/02/polar_512_prlb/002581.pt
02	002619	SemanticKitti/sequences/02/velodyne/002619.bin	SemanticKitti/sequences/02/polar_512_prlb/002619.pt
02	002666	SemanticKitti/sequences/02/velodyne/002666.bin	SemanticKitti/sequences/02/polar_512_prlb/002666.pt
02	002669	SemanticKitti/sequences/02/velodyne/002669.bin	SemanticKitti/sequences/02/polar_512_prlb/002669.pt
02	002690	SemanticKitti/sequences/02/velodyne/002690.bin	SemanticKitti/sequences/02/polar_512_prlb/002690.pt
02	002702	SemanticKitti/sequences/02/velodyne/002702.bin	SemanticKitti/sequences/02/polar_512_prlb/002702.pt
02	002708	SemanticKitti/sequences/02/velodyne/002708.bin	SemanticKitti/sequences/02/polar_512_prlb/002708.pt
02	002748	SemanticKitti/sequences/02/velodyne/002748.bin	SemanticKitti/sequences/02/polar_512_prlb/002748.pt
02	002772	SemanticKitti/sequences/02/velodyne/002772.bin	SemanticKitti/sequences/02/polar_512_prlb/002772.pt
02	002878	SemanticKitti/sequences/02/velodyne/002878.bin	SemanticKitti/sequences/02/polar_512_prlb/002878.pt
02	002978	SemanticKitti/sequences/02/velodyne/002978.bin	SemanticKitti/sequences/02/polar_512_prlb/002978.pt
02	002985	SemanticKitti/sequences/02/velodyne/002985.bin	SemanticKitti/sequences/02/polar_512_prlb/002985.pt
02	003024	SemanticKitti/sequences/02/velodyne/003024.bin	SemanticKitti/sequences/02/polar_512_prlb/003024.pt
02	003032	SemanticKitti/sequences/02/velodyne/003032.bin	SemanticKitti/sequences/02/polar_512_prlb/003032.pt
02	003050	SemanticKitti/sequences/02/velodyne/003050.bin	SemanticKitti/sequences/02/polar_512_prlb/003050.pt
02	003059	SemanticKitti/sequences/02/velodyne/003059.bin	SemanticKitti/sequences/02/polar_512_prlb/003059.pt
02	003098	SemanticKitti/sequences/02/velodyne/003098.bin	SemanticKitti/sequences/02/polar_512_prlb/003098.pt
02	003176	SemanticKitti/sequences/02/velodyne/003176.bin	SemanticKitti/sequences/02/polar_512_prlb/003176.pt
02	003208	SemanticKitti/sequences/02/velodyne/003208.bin	SemanticKitti/sequences/02/polar_512_prlb/003208.pt
02	003225	SemanticKitti/sequences/02/velodyne/003225.bin	SemanticKitti/sequences/02/polar_512_prlb/003225.pt
02	003231	SemanticKitti/sequences/02/velodyne/003231.bin	SemanticKitti/sequences/02/polar_512_prlb/003231.pt
02	003272	SemanticKitti/sequences/02/velodyne/003272.bin	SemanticKitti/sequences/02/polar_512_prlb/003272.pt
02	003283	SemanticKitti/sequences/02/velodyne/003283.bin	SemanticKitti/sequences/02/polar_512_prlb/003283.pt
02	003364	SemanticKitti/sequences/02/velodyne/003364.bin	SemanticKitti/sequences/02/polar_512_prlb/003364.pt
02	003450	SemanticKitti/sequences/02/velodyne/003450.bin	SemanticKitti/sequences/02/polar_512_prlb/003450.pt
02	003458	SemanticKitti/sequences/02/velodyne/003458.bin	SemanticKitti/sequences/02/polar_512_prlb/003458.pt
02	003574	SemanticKitti/sequences/02/velodyne/003574.bin	SemanticKitti/sequences/02/polar_512_prlb/003574.pt
02	003579	SemanticKitti/sequences/02/velodyne/003579.bin	SemanticKitti/sequences/02/polar_512_prlb/003579.pt
02	003593	SemanticKitti/sequences/02/velodyne/003593.bin	SemanticKitti/sequences/02/polar_512_prlb/003593.pt
02	003645	SemanticKitti/sequences/02/velodyne/003645.bin	SemanticKitti/sequences/02/polar_512_prlb/003645.pt
02	003728	SemanticKitti/sequences/02/velodyne/003728.bin	SemanticKitti/sequences/02/polar_512_prlb/003728.pt
02	003738	SemanticKitti/sequences/02/velodyne/003738.bin	SemanticKitti/sequences/02/polar_512_prlb/003738.pt
02	003867	SemanticKitti/sequences/02/velodyne/003867.bin	SemanticKitti/sequences/02/polar_512_prlb/003867.pt
02	003913	SemanticKitti/sequences/02/velodyne/003913.bin	SemanticKitti/sequences/02/polar_512_prlb/003913.pt
02	003923	SemanticKitti/sequences/02/velodyne/003923.bin	SemanticKitti/sequences/02/polar_512_prlb/003923.pt
02	003955	SemanticKitti/sequences/02/velodyne/003955.bin	SemanticKitti/sequences/02/polar_512_prlb/003955.pt
02	003958	SemanticKitti/sequences/02/velodyne/003958.bin	SemanticKitti/sequences/02/polar_512_prlb/003958.pt
02	003983	SemanticKitti/sequences/02/velodyne/003983.bin	SemanticKitti/sequences/02/polar_512_prlb/003983.pt
02	004008	SemanticKitti/sequences/02/velodyne/004008.bin	SemanticKitti/sequences/02/polar_512_prlb/004008.pt
02	004048	SemanticKitti/sequences/02/velodyne/004048.bin	SemanticKitti/sequences/02/polar_512_prlb/004048.pt
02	004067	SemanticKitti/sequences/02/velodyne/004067.bin	SemanticKitti/sequences/02/polar_512_prlb/004067.pt
02	004114	SemanticKitti/sequences/02/velodyne/004114.bin	SemanticKitti/sequences/02/polar_512_prlb/004114.pt
02	004222	SemanticKitti/sequences/02/velodyne/004222.bin	SemanticKitti/sequences/02/polar_512_prlb/004222.pt
02	004226	SemanticKitti/sequences/02/velodyne/004226.bin	SemanticKitti/sequences/02/polar_512_prlb/004226.pt
02	004231	SemanticKitti/sequences/02/velodyne/004231.bin	SemanticKitti/sequences/02/polar_512_prlb/004231.pt
02	004322	SemanticKitti/sequences/02/velodyne/004322.bin	SemanticKitti/sequences/02/polar_512_prlb/004322.pt
02	004327	SemanticKitti/sequences/02/velodyne/004327.bin	SemanticKitti/sequences/02/polar_512_prlb/004327.pt
02	004385	SemanticKitti/sequences/02/velodyne/004385.bin	SemanticKitti/sequences/02/polar_512_prlb/004385.pt
02	004391	SemanticKitti/sequences/02/velodyne/004391.bin	SemanticKitti/sequences/02/polar_512_prlb/004391.pt
02	004431	SemanticKitti/sequences/02/velodyne/004431.bin	SemanticKitti/sequences/02/polar_512_prlb/004431.pt
02	004499	SemanticKitti/sequences/02/velodyne/004499.bin	SemanticKitti/sequences/02/polar_512_prlb/004499.pt
03	000005	SemanticKitti/sequences/03/velodyne/000005.bin	SemanticKitti/sequences/03/polar_512_prlb/000005.pt
03	000027	SemanticKitti/sequences/03/velodyne/000027.bin	SemanticKitti/sequences/03/polar_512_prlb/000027.pt
03	000033	SemanticKitti/sequences/03/velodyne/000033.bin	SemanticKitti/sequences/03/polar_512_prlb/000033.pt
03	000038	SemanticKitti/sequences/03/velodyne/000038.bin	SemanticKitti/sequences/03/polar_512_prlb/000038.pt
03	000087	SemanticKitti/sequences/03/velodyne/000087.bin	SemanticKitti/sequences/03/polar_512_prlb/000087.pt
03	000099	SemanticKitti/sequences/03/velodyne/000099.bin	SemanticKitti/sequences/03/polar_512_prlb/000099.pt
03	000110	SemanticKitti/sequences/03/velodyne/000110.bin	SemanticKitti/sequences/03/polar_512_prlb/000110.pt
03	000112	SemanticKitti/sequences/03/velodyne/000112.bin	SemanticKitti/sequences/03/polar_512_prlb/000112.pt
03	000143	SemanticKitti/sequences/03/velodyne/000143.bin	SemanticKitti/sequences/03/polar_512_prlb/000143.pt
03	000161	SemanticKitti/sequences/03/velodyne/000161.bin	SemanticKitti/sequences/03/polar_512_prlb/000161.pt
03	000233	SemanticKitti/sequences/03/velodyne/000233.bin	SemanticKitti/sequences/03/polar_512_prlb/000233.pt
03	000243	SemanticKitti/sequences/03/velodyne/000243.bin	SemanticKitti/sequences/03/polar_512_prlb/000243.pt
03	000244	SemanticKitti/sequences/03/velodyne/000244.bin	SemanticKitti/sequences/03/polar_512_prlb/000244.pt
03	000297	SemanticKitti/sequences/03/velodyne/000297.bin	SemanticKitti/sequences/03/polar_512_prlb/000297.pt
03	000314	SemanticKitti/sequences/03/velodyne/000314.bin	SemanticKitti/sequences/03/polar_512_prlb/000314.pt
03	000388	SemanticKitti/sequences/03/velodyne/000388.bin	SemanticKitti/sequences/03/polar_512_prlb/000388.pt
03	000397	SemanticKitti/sequences/03/velodyne/000397.bin	SemanticKitti/sequences/03/polar_512_prlb/000397.pt
03	000556	SemanticKitti/sequences/03/velodyne/000556.bin	SemanticKitti/sequences/03/polar_512_prlb/000556.pt
03	000575	SemanticKitti/sequences/03/velodyne/000575.bin	SemanticKitti/sequences/03/polar_512_prlb/000575.pt
03	000583	SemanticKitti/sequences/03/velodyne/000583.bin	SemanticKitti/sequences/03/polar_512_prlb/000583.pt
03	000588	SemanticKitti/sequences/03/velodyne/000588.bin	SemanticKitti/sequences/03/polar_512_prlb/000588.pt
03	000599	SemanticKitti/sequences/03/velodyne/000599.bin	SemanticKitti/sequences/03/polar_512_prlb/000599.pt
03	000608	SemanticKitti/sequences/03/velodyne/000608.bin	SemanticKitti/sequences/03/polar_512_prlb/000608.pt
03	000634	SemanticKitti/sequences/03/velodyne/000634.bin	SemanticKitti/sequences/03/polar_512_prlb/000634.pt
03	000691	SemanticKitti/sequences/03/velodyne/000691.bin	SemanticKitti/sequences/03/polar_512_prlb/000691.pt
03	000714	SemanticKitti/sequences/03/velodyne/000714.bin	SemanticKitti/sequences/03/polar_512_prlb/000714.pt
03	000725	SemanticKitti/sequences/03/velodyne/000725.bin	SemanticKitti/sequences/03/polar_512_prlb/000725.pt
03	000738	SemanticKitti/sequences/03/velodyne/000738.bin	SemanticKitti/sequences/03/polar_512_prlb/000738.pt
03	000750	SemanticKitti/sequences/03/velodyne/000750.bin	SemanticKitti/sequences/03/polar_512_prlb/000750.pt
04	000039	SemanticKitti/sequences/04/velodyne/000039.bin	SemanticKitti/sequences/04/polar_512_prlb/000039.pt
04	000041	SemanticKitti/sequences/04/velodyne/000041.bin	SemanticKitti/sequences/04/polar_512_prlb/000041.pt
04	000237	SemanticKitti/sequences/04/velodyne/000237.bin	SemanticKitti/sequences/04/polar_512_prlb/000237.pt
05	000011	SemanticKitti/sequences/05/velodyne/000011.bin	SemanticKitti/sequences/05/polar_512_prlb/000011.pt
05	000049	SemanticKitti/sequences/05/velodyne/000049.bin	SemanticKitti/sequences/05/polar_512_prlb/000049.pt
05	000064	SemanticKitti/sequences/05/velodyne/000064.bin	SemanticKitti/sequences/05/polar_512_prlb/000064.pt
05	000076	SemanticKitti/sequences/05/velodyne/000076.bin	SemanticKitti/sequences/05/polar_512_prlb/000076.pt
05	000105	SemanticKitti/sequences/05/velodyne/000105.bin	SemanticKitti/sequences/05/polar_512_prlb/000105.pt
05	000119	SemanticKitti/sequences/05/velodyne/000119.bin	SemanticKitti/sequences/05/polar_512_prlb/000119.pt
05	000143	SemanticKitti/sequences/05/velodyne/000143.bin	SemanticKitti/sequences/05/polar_512_prlb/000143.pt
05	000149	SemanticKitti/sequences/05/velodyne/000149.bin	SemanticKitti/sequences/05/polar_512_prlb/000149.pt
05	000178	SemanticKitti/sequences/05/velodyne/000178.bin	SemanticKitti/sequences/05/polar_512_prlb/000178.pt
05	000196	SemanticKitti/sequences/05/velodyne/000196.bin	SemanticKitti/sequences/05/polar_512_prlb/000196.pt
05	000206	SemanticKitti/sequences/05/velodyne/000206.bin	SemanticKitti/sequences/05/polar_512_prlb/000206.pt
05	000212	SemanticKitti/sequences/05/velodyne/000212.bin	SemanticKitti/sequences/05/polar_512_prlb/000212.pt
05	000283	SemanticKitti/sequences/05/velodyne/000283.bin	SemanticKitti/sequences/05/polar_512_prlb/000283.pt
05	000286	SemanticKitti/sequences/05/velodyne/000286.bin	SemanticKitti/sequences/05/polar_512_prlb/000286.pt
05	000343	SemanticKitti/sequences/05/velodyne/000343.bin	SemanticKitti/sequences/05/polar_512_prlb/000343.pt
05	000424	SemanticKitti/sequences/05/velodyne/000424.bin	SemanticKitti/sequences/05/polar_512_prlb/000424.pt
05	000442	SemanticKitti/sequences/05/velodyne/000442.bin	SemanticKitti/sequences/05/polar_512_prlb/000442.pt
05	000475	SemanticKitti/sequences/05/velodyne/000475.bin	SemanticKitti/sequences/05/polar_512_prlb/000475.pt
05	000484	SemanticKitti/sequences/05/velodyne/000484.bin	SemanticKitti/sequences/05/polar_512_prlb/000484.pt
05	000504	SemanticKitti/sequences/05/velodyne/000504.bin	SemanticKitti/sequences/05/polar_512_prlb/000504.pt
05	000510	SemanticKitti/sequences/05/velodyne/000510.bin	SemanticKitti/sequences/05/polar_512_prlb/000510.pt
05	000578	SemanticKitti/sequences/05/velodyne/000578.bin	SemanticKitti/sequences/05/polar_512_prlb/000578.pt
05	000605	SemanticKitti/sequences/05/velodyne/000605.bin	SemanticKitti/sequences/05/polar_512_prlb/000605.pt
05	000635	SemanticKitti/sequences/05/velodyne/000635.bin	SemanticKitti/sequences/05/polar_512_prlb/000635.pt
05	000756	SemanticKitti/sequences/05/velodyne/000756.bin	SemanticKitti/sequences/05/polar_512_prlb/000756.pt
05	000764	SemanticKitti/sequences/05/velodyne/000764.bin	SemanticKitti/sequences/05/polar_512_prlb/000764.pt
05	000787	SemanticKitti/sequences/05/velodyne/000787.bin	SemanticKitti/sequences/05/polar_512_prlb/000787.pt
05	000826	SemanticKitti/sequences/05/velodyne/000826.bin	SemanticKitti/sequences/05/polar_512_prlb/000826.pt
05	000857	SemanticKitti/sequences/05/velodyne/000857.bin	SemanticKitti/sequences/05/polar_512_prlb/000857.pt
05	000911	SemanticKitti/sequences/05/velodyne/000911.bin	SemanticKitti/sequences/05/polar_512_prlb/000911.pt
05	000919	SemanticKitti/sequences/05/velodyne/000919.bin	SemanticKitti/sequences/05/polar_512_prlb/000919.pt
05	000930	SemanticKitti/sequences/05/velodyne/000930.bin	SemanticKitti/sequences/05/polar_512_prlb/000930.pt
05	000953	SemanticKitti/sequences/05/velodyne/000953.bin	SemanticKitti/sequences/05/polar_512_prlb/000953.pt
05	000981	SemanticKitti/sequences/05/velodyne/000981.bin	SemanticKitti/sequences/05/polar_512_prlb/000981.pt
05	001013	SemanticKitti/sequences/05/velodyne/001013.bin	SemanticKitti/sequences/05/polar_512_prlb/001013.pt
05	001032	SemanticKitti/sequences/05/velodyne/001032.bin	SemanticKitti/sequences/05/polar_512_prlb/001032.pt
05	001055	SemanticKitti/sequences/05/velodyne/001055.bin	SemanticKitti/sequences/05/polar_512_prlb/001055.pt
05	001100	SemanticKitti/sequences/05/velodyne/001100.bin	SemanticKitti/sequences/05/polar_512_prlb/001100.pt
05	001126	SemanticKitti/sequences/05/velodyne/001126.bin	SemanticKitti/sequences/05/polar_512_prlb/001126.pt
05	001163	SemanticKitti/sequences/05/velodyne/001163.bin	SemanticKitti/sequences/05/polar_512_prlb/001163.pt
05	001198	SemanticKitti/sequences/05/velodyne/001198.bin	SemanticKitti/sequences/05/polar_512_prlb/001198.pt
05	001254	SemanticKitti/sequences/05/velodyne/001254.bin	SemanticKitti/sequences/05/polar_512_prlb/001254.pt
05	001363	SemanticKitti/sequences/05/velodyne/001363.bin	SemanticKitti/sequences/05/polar_512_prlb/001363.pt
05	001424	SemanticKitti/sequences/05/velodyne/001424.bin	SemanticKitti/sequences/05/polar_512_prlb/001424.pt
05	001432	SemanticKitti/sequences/05/velodyne/001432.bin	SemanticKitti/sequences/05/polar_512_prlb/001432.pt
05	001548	SemanticKitti/sequences/05/velodyne/001548.bin	SemanticKitti/sequences/05/polar_512_prlb/001548.pt
05	001560	SemanticKitti/sequences/05/velodyne/001560.bin	SemanticKitti/sequences/05/polar_512_prlb/001560.pt
05	001568	SemanticKitti/sequences/05/velodyne/001568.bin	SemanticKitti/sequences/05/polar_512_prlb/001568.pt
05	001605	SemanticKitti/sequences/05/velodyne/001605.bin	SemanticKitti/sequences/05/polar_512_prlb/001605.pt
05	001721	SemanticKitti/sequences/05/velodyne/001721.bin	SemanticKitti/sequences/05/polar_512_prlb/001721.pt
05	001792	SemanticKitti/sequences/05/velodyne/001792.bin	SemanticKitti/sequences/05/polar_512_prlb/001792.pt
05	001826	SemanticKitti/sequences/05/velodyne/001826.bin	SemanticKitti/sequences/05/polar_512_prlb/001826.pt
05	001852	SemanticKitti/sequences/05/velodyne/001852.bin	SemanticKitti/sequences/05/polar_512_prlb/001852.pt
05	001866	SemanticKitti/sequences/05/velodyne/001866.bin	SemanticKitti/sequences/05/polar_512_prlb/001866.pt
05	001872	SemanticKitti/sequences/05/velodyne/001872.bin	SemanticKitti/sequences/05/polar_512_prlb/001872.pt
05	001896	SemanticKitti/sequences/05/velodyne/001896.bin	SemanticKitti/sequences/05/polar_512_prlb/001896.pt
05	002033	SemanticKitti/sequences/05/velodyne/002033.bin	SemanticKitti/sequences/05/polar_512_prlb/002033.pt
05	002072	SemanticKitti/sequences/05/velodyne/002072.bin	SemanticKitti/sequences/05/polar_512_prlb/002072.pt
05	002145	SemanticKitti/sequences/05/velodyne/002145.bin	SemanticKitti/sequences/05/polar_512_prlb/002145.pt
05	002181	SemanticKitti/sequences/05/velodyne/002181.bin	SemanticKitti/sequences/05/polar_512_prlb/002181.pt
05	002281	SemanticKitti/sequences/05/velodyne/002281.bin	SemanticKitti/sequences/05/polar_512_prlb/002281.pt
05	002316	SemanticKitti/sequences/05/velodyne/002316.bin	SemanticKitti/sequences/05/polar_512_prlb/002316.pt
05	002377	SemanticKitti/sequences/05/velodyne/002377.bin	SemanticKitti/sequences/05/polar_512_prlb/002377.pt
05	002454	SemanticKitti/sequences/05/velodyne/002454.bin	SemanticKitti/sequences/05/polar_512_prlb/002454.pt
05	002494	SemanticKitti/sequences/05/velodyne/002494.bin	SemanticKitti/sequences/05/polar_512_prlb/002494.pt
05	002502	SemanticKitti/sequences/05/velodyne/002502.bin	SemanticKitti/sequences/05/polar_512_prlb/002502.pt
05	002506	SemanticKitti/sequences/05/velodyne/002506.bin	SemanticKitti/sequences/05/polar_512_prlb/002506.pt
05	002564	SemanticKitti/sequences/05/velodyne/002564.bin	SemanticKitti/sequences/05/polar_512_prlb/002564.pt
05	002653	SemanticKitti/sequences/05/velodyne/002653.bin	SemanticKitti/sequences/05/polar_512_prlb/002653.pt
05	002681	SemanticKitti/sequences/05/velodyne/002681.bin	SemanticKitti/sequences/05/polar_512_prlb/002681.pt
05	002704	SemanticKitti/sequences/05/velodyne/002704.bin	SemanticKitti/sequences/05/polar_512_prlb/002704.pt
05	002711	SemanticKitti/sequences/05/velodyne/002711.bin	SemanticKitti/sequences/05/polar_512_prlb/002711.pt
05	002715	SemanticKitti/sequences/05/velodyne/002715.bin	SemanticKitti/sequences/05/polar_512_prlb/002715.pt
05	002739	SemanticKitti/sequences/05/velodyne/002739.bin	SemanticKitti/sequences/05/polar_512_prlb/002739.pt
05	002755	SemanticKitti/sequences/05/velodyne/002755.bin	SemanticKitti/sequences/05/polar_512_prlb/002755.pt
06	000027	SemanticKitti/sequences/06/velodyne/000027.bin	SemanticKitti/sequences/06/polar_512_prlb/000027.pt
06	000031	SemanticKitti/sequences/06/velodyne/000031.bin	SemanticKitti/sequences/06/polar_512_prlb/000031.pt
06	000079	SemanticKitti/sequences/06/velodyne/000079.bin	SemanticKitti/sequences/06/polar_512_prlb/000079.pt
06	000082	SemanticKitti/sequences/06/velodyne/000082.bin	SemanticKitti/sequences/06/polar_512_prlb/000082.pt
06	000110	SemanticKitti/sequences/06/velodyne/000110.bin	SemanticKitti/sequences/06/polar_512_prlb/000110.pt
06	000189	SemanticKitti/sequences/06/velodyne/000189.bin	SemanticKitti/sequences/06/polar_512_prlb/000189.pt
06	000208	SemanticKitti/sequences/06/velodyne/000208.bin	SemanticKitti/sequences/06/polar_512_prlb/000208.pt
06	000305	SemanticKitti/sequences/06/velodyne/000305.bin	SemanticKitti/sequences/06/polar_512_prlb/000305.pt
06	000384	SemanticKitti/sequences/06/velodyne/000384.bin	SemanticKitti/sequences/06/polar_512_prlb/000384.pt
06	000391	SemanticKitti/sequences/06/velodyne/000391.bin	SemanticKitti/sequences/06/polar_512_prlb/000391.pt
06	000431	SemanticKitti/sequences/06/velodyne/000431.bin	SemanticKitti/sequences/06/polar_512_prlb/000431.pt
06	000455	SemanticKitti/sequences/06/velodyne/000455.bin	SemanticKitti/sequences/06/polar_512_prlb/000455.pt
06	000474	SemanticKitti/sequences/06/velodyne/000474.bin	SemanticKitti/sequences/06/polar_512_prlb/000474.pt
06	000481	SemanticKitti/sequences/06/velodyne/000481.bin	SemanticKitti/sequences/06/polar_512_prlb/000481.pt
06	000537	SemanticKitti/sequences/06/velodyne/000537.bin	SemanticKitti/sequences/06/polar_512_prlb/000537.pt
06	000575	SemanticKitti/sequences/06/velodyne/000575.bin	SemanticKitti/sequences/06/polar_512_prlb/000575.pt
06	000604	SemanticKitti/sequences/06/velodyne/000604.bin	SemanticKitti/sequences/06/polar_512_prlb/000604.pt
06	000665	SemanticKitti/sequences/06/velodyne/000665.bin	SemanticKitti/sequences/06/polar_512_prlb/000665.pt
06	000729	SemanticKitti/sequences/06/velodyne/000729.bin	SemanticKitti/sequences/06/polar_512_prlb/000729.pt
06	000741	SemanticKitti/sequences/06/velodyne/000741.bin	SemanticKitti/sequences/06/polar_512_prlb/000741.pt
06	000751	SemanticKitti/sequences/06/velodyne/000751.bin	SemanticKitti/sequences/06/polar_512_prlb/000751.pt
06	000756	SemanticKitti/sequences/06/velodyne/000756.bin	SemanticKitti/sequences/06/polar_512_prlb/000756.pt
06	000792	SemanticKitti/sequences/06/velodyne/000792.bin	SemanticKitti/sequences/06/polar_512_prlb/000792.pt
06	000840	SemanticKitti/sequences/06/velodyne/000840.bin	SemanticKitti/sequences/06/polar_512_prlb/000840.pt
06	000853	SemanticKitti/sequences/06/velodyne/000853.bin	SemanticKitti/sequences/06/polar_512_prlb/000853.pt
06	000871	SemanticKitti/sequences/06/velodyne/000871.bin	SemanticKitti/sequences/06/polar_512_prlb/000871.pt
06	000915	SemanticKitti/sequences/06/velodyne/000915.bin	SemanticKitti/sequences/06/polar_512_prlb/000915.pt
06	000943	SemanticKitti/sequences/06/velodyne/000943.bin	SemanticKitti/sequences/06/polar_512_prlb/000943.pt
06	000959	SemanticKitti/sequences/06/velodyne/000959.bin	SemanticKitti/sequences/06/polar_512_prlb/000959.pt
06	000968	SemanticKitti/sequences/06/velodyne/000968.bin	SemanticKitti/sequences/06/polar_512_prlb/000968.pt
06	001019	SemanticKitti/sequences/06/velodyne/001019.bin	SemanticKitti/sequences/06/polar_512_prlb/001019.pt
06	001041	SemanticKitti/sequences/06/velodyne/001041.bin	SemanticKitti/sequences/06/polar_512_prlb/001041.pt
06	001061	SemanticKitti/sequences/06/velodyne/001061.bin	SemanticKitti/sequences/06/polar_512_prlb/001061.pt
06	001062	SemanticKitti/sequences/06/velodyne/001062.bin	SemanticKitti/sequences/06/polar_512_prlb/001062.pt
06	001083	SemanticKitti/sequences/06/velodyne/001083.bin	SemanticKitti/sequences/06/polar_512_prlb/001083.pt
07	000012	SemanticKitti/sequences/07/velodyne/000012.bin	SemanticKitti/sequences/07/polar_512_prlb/000012.pt
07	000017	SemanticKitti/sequences/07/velodyne/000017.bin	SemanticKitti/sequences/07/polar_512_prlb/000017.pt
07	000051	SemanticKitti/sequences/07/velodyne/000051.bin	SemanticKitti/sequences/07/polar_512_prlb/000051.pt
07	000077	SemanticKitti/sequences/07/velodyne/000077.bin	SemanticKitti/sequences/07/polar_512_prlb/000077.pt
07	000089	SemanticKitti/sequences/07/velodyne/000089.bin	SemanticKitti/sequences/07/polar_512_prlb/000089.pt
07	000147	SemanticKitti/sequences/07/velodyne/000147.bin	SemanticKitti/sequences/07/polar_512_prlb/000147.pt
07	000172	SemanticKitti/sequences/07/velodyne/000172.bin	SemanticKitti/sequences/07/polar_512_prlb/000172.pt
07	000227	SemanticKitti/sequences/07/velodyne/000227.bin	SemanticKitti/sequences/07/polar_512_prlb/000227.pt
07	000238	SemanticKitti/sequences/07/velodyne/000238.bin	SemanticKitti/sequences/07/polar_512_prlb/000238.pt
07	000263	SemanticKitti/sequences/07/velodyne/000263.bin	SemanticKitti/sequences/07/polar_512_prlb/000263.pt
07	000310	SemanticKitti/sequences/07/velodyne/000310.bin	SemanticKitti/sequences/07/polar_512_prlb/000310.pt
07	000352	SemanticKitti/sequences/07/velodyne/000352.bin	SemanticKitti/sequences/07/polar_512_prlb/000352.pt
07	000406	SemanticKitti/sequences/07/velodyne/000406.bin	SemanticKitti/sequences/07/polar_512_prlb/000406.pt
07	000473	SemanticKitti/sequences/07/velodyne/000473.bin	SemanticKitti/sequences/07/polar_512_prlb/000473.pt
07	000531	SemanticKitti/sequences/07/velodyne/000531.bin	SemanticKitti/sequences/07/polar_512_prlb/000531.pt
07	000546	SemanticKitti/sequences/07/velodyne/000546.bin	SemanticKitti/sequences/07/polar_512_prlb/000546.pt
07	000550	SemanticKitti/sequences/07/velodyne/000550.bin	SemanticKitti/sequences/07/polar_512_prlb/000550.pt
07	000570	SemanticKitti/sequences/07/velodyne/000570.bin	SemanticKitti/sequences/07/polar_512_prlb/000570.pt
07	000601	SemanticKitti/sequences/07/velodyne/000601.bin	SemanticKitti/sequences/07/polar_512_prlb/000601.pt
07	000605	SemanticKitti/sequences/07/velodyne/000605.bin	SemanticKitti/sequences/07/polar_512_prlb/000605.pt
07	000648	SemanticKitti/sequences/07/velodyne/000648.bin	SemanticKitti/sequences/07/polar_512_prlb/000648.pt
07	000661	SemanticKitti/sequences/07/velodyne/000661.bin	SemanticKitti/sequences/07/polar_512_prlb/000661.pt
07	000670	SemanticKitti/sequences/07/velodyne/000670.bin	SemanticKitti/sequences/07/polar_512_prlb/000670.pt
07	000706	SemanticKitti/sequences/07/velodyne/000706.bin	SemanticKitti/sequences/07/polar_512_prlb/000706.pt
07	000707	SemanticKitti/sequences/07/velodyne/000707.bin	SemanticKitti/sequences/07/polar_512_prlb/000707.pt
07	000780	SemanticKitti/sequences/07/velodyne/000780.bin	SemanticKitti/sequences/07/polar_512_prlb/000780.pt
07	000919	SemanticKitti/sequences/07/velodyne/000919.bin	SemanticKitti/sequences/07/polar_512_prlb/000919.pt
07	001037	SemanticKitti/sequences/07/velodyne/001037.bin	SemanticKitti/sequences/07/polar_512_prlb/001037.pt
07	001042	SemanticKitti/sequences/07/velodyne/001042.bin	SemanticKitti/sequences/07/polar_512_prlb/001042.pt
07	001072	SemanticKitti/sequences/07/velodyne/001072.bin	SemanticKitti/sequences/07/polar_512_prlb/001072.pt
07	001084	SemanticKitti/sequences/07/velodyne/001084.bin	SemanticKitti/sequences/07/polar_512_prlb/001084.pt
09	000033	SemanticKitti/sequences/09/velodyne/000033.bin	SemanticKitti/sequences/09/polar_512_prlb/000033.pt
09	000056	SemanticKitti/sequences/09/velodyne/000056.bin	SemanticKitti/sequences/09/polar_512_prlb/000056.pt
09	000058	SemanticKitti/sequences/09/velodyne/000058.bin	SemanticKitti/sequences/09/polar_512_prlb/000058.pt
09	000077	SemanticKitti/sequences/09/velodyne/000077.bin	SemanticKitti/sequences/09/polar_512_prlb/000077.pt
09	000141	SemanticKitti/sequences/09/velodyne/000141.bin	SemanticKitti/sequences/09/polar_512_prlb/000141.pt
09	000152	SemanticKitti/sequences/09/velodyne/000152.bin	SemanticKitti/sequences/09/polar_512_prlb/000152.pt
09	000180	SemanticKitti/sequences/09/velodyne/000180.bin	SemanticKitti/sequences/09/polar_512_prlb/000180.pt
09	000209	SemanticKitti/sequences/09/velodyne/000209.bin	SemanticKitti/sequences/09/polar_512_prlb/000209.pt
09	000259	SemanticKitti/sequences/09/velodyne/000259.bin	SemanticKitti/sequences/09/polar_512_prlb/000259.pt
09	000340	SemanticKitti/sequences/09/velodyne/000340.bin	SemanticKitti/sequences/09/polar_512_prlb/000340.pt
09	000401	SemanticKitti/sequences/09/velodyne/000401.bin	SemanticKitti/sequences/09/polar_512_prlb/000401.pt
09	000450	SemanticKitti/sequences/09/velodyne/000450.bin	SemanticKitti/sequences/09/polar_512_prlb/000450.pt
09	000555	SemanticKitti/sequences/09/velodyne/000555.bin	SemanticKitti/sequences/09/polar_512_prlb/000555.pt
09	000605	SemanticKitti/sequences/09/velodyne/000605.bin	SemanticKitti/sequences/09/polar_512_prlb/000605.pt
09	000619	SemanticKitti/sequences/09/velodyne/000619.bin	SemanticKitti/sequences/09/polar_512_prlb/000619.pt
09	000745	SemanticKitti/sequences/09/velodyne/000745.bin	SemanticKitti/sequences/09/polar_512_prlb/000745.pt
09	000759	SemanticKitti/sequences/09/velodyne/000759.bin	SemanticKitti/sequences/09/polar_512_prlb/000759.pt
09	000793	SemanticKitti/sequences/09/velodyne/000793.bin	SemanticKitti/sequences/09/polar_512_prlb/000793.pt
09	000824	SemanticKitti/sequences/09/velodyne/000824.bin	SemanticKitti/sequences/09/polar_512_prlb/000824.pt
09	000836	SemanticKitti/sequences/09/velodyne/000836.bin	SemanticKitti/sequences/09/polar_512_prlb/000836.pt
09	000874	SemanticKitti/sequences/09/velodyne/000874.bin	SemanticKitti/sequences/09/polar_512_prlb/000874.pt
09	000891	SemanticKitti/sequences/09/velodyne/000891.bin	SemanticKitti/sequences/09/polar_512_prlb/000891.pt
09	000916	SemanticKitti/sequences/09/velodyne/000916.bin	SemanticKitti/sequences/09/polar_512_prlb/000916.pt
09	000968	SemanticKitti/sequences/09/velodyne/000968.bin	SemanticKitti/sequences/09/polar_512_prlb/000968.pt
09	000999	SemanticKitti/sequences/09/velodyne/000999.bin	SemanticKitti/sequences/09/polar_512_prlb/000999.pt
09	001019	SemanticKitti/sequences/09/velodyne/001019.bin	SemanticKitti/sequences/09/polar_512_prlb/001019.pt
09	001048	SemanticKitti/sequences/09/velodyne/001048.bin	SemanticKitti/sequences/09/polar_512_prlb/001048.pt
09	001186	SemanticKitti/sequences/09/velodyne/001186.bin	SemanticKitti/sequences/09/polar_512_prlb/001186.pt
09	001198	SemanticKitti/sequences/09/velodyne/001198.bin	SemanticKitti/sequences/09/polar_512_prlb/001198.pt
09	001217	SemanticKitti/sequences/09/velodyne/001217.bin	SemanticKitti/sequences/09/polar_512_prlb/001217.pt
09	001240	SemanticKitti/sequences/09/velodyne/001240.bin	SemanticKitti/sequences/09/polar_512_prlb/001240.pt
09	001287	SemanticKitti/sequences/09/velodyne/001287.bin	SemanticKitti/sequences/09/polar_512_prlb/001287.pt
09	001337	SemanticKitti/sequences/09/velodyne/001337.bin	SemanticKitti/sequences/09/polar_512_prlb/001337.pt
09	001379	SemanticKitti/sequences/09/velodyne/001379.bin	SemanticKitti/sequences/09/polar_512_prlb/001379.pt
09	001409	SemanticKitti/sequences/09/velodyne/001409.bin	SemanticKitti/sequences/09/polar_512_prlb/001409.pt
09	001467	SemanticKitti/sequences/09/velodyne/001467.bin	SemanticKitti/sequences/09/polar_512_prlb/001467.pt
09	001470	SemanticKitti/sequences/09/velodyne/001470.bin	SemanticKitti/sequences/09/polar_512_prlb/001470.pt
09	001536	SemanticKitti/sequences/09/velodyne/001536.bin	SemanticKitti/sequences/09/polar_512_prlb/001536.pt
09	001546	SemanticKitti/sequences/09/velodyne/001546.bin	SemanticKitti/sequences/09/polar_512_prlb/001546.pt
10	000012	SemanticKitti/sequences/10/velodyne/000012.bin	SemanticKitti/sequences/10/polar_512_prlb/000012.pt
10	000013	SemanticKitti/sequences/10/velodyne/000013.bin	SemanticKitti/sequences/10/polar_512_prlb/000013.pt
10	000025	SemanticKitti/sequences/10/velodyne/000025.bin	SemanticKitti/sequences/10/polar_512_prlb/000025.pt
10	000067	SemanticKitti/sequences/10/velodyne/000067.bin	SemanticKitti/sequences/10/polar_512_prlb/000067.pt
10	000144	SemanticKitti/sequences/10/velodyne/000144.bin	SemanticKitti/sequences/10/polar_512_prlb/000144.pt
10	000204	SemanticKitti/sequences/10/velodyne/000204.bin	SemanticKitti/sequences/10/polar_512_prlb/000204.pt
10	000275	SemanticKitti/sequences/10/velodyne/000275.bin	SemanticKitti/sequences/10/polar_512_prlb/000275.pt
10	000381	SemanticKitti/sequences/10/velodyne/000381.bin	SemanticKitti/sequences/10/polar_512_prlb/000381.pt
10	000395	SemanticKitti/sequences/10/velodyne/000395.bin	SemanticKitti/sequences/10/polar_512_prlb/000395.pt
10	000428	SemanticKitti/sequences/10/velodyne/000428.bin	SemanticKitti/sequences/10/polar_512_prlb/000428.pt
10	000461	SemanticKitti/sequences/10/velodyne/000461.bin	SemanticKitti/sequences/10/polar_512_prlb/000461.pt
10	000619	SemanticKitti/sequences/10/velodyne/000619.bin	SemanticKitti/sequences/10/polar_512_prlb/000619.pt
10	000725	SemanticKitti/sequences/10/velodyne/000725.bin	SemanticKitti/sequences/10/polar_512_prlb/000725.pt
10	000775	SemanticKitti/sequences/10/velodyne/000775.bin	SemanticKitti/sequences/10/polar_512_prlb/000775.pt
10	000790	SemanticKitti/sequences/10/velodyne/000790.bin	SemanticKitti/sequences/10/polar_512_prlb/000790.pt
10	000841	SemanticKitti/sequences/10/velodyne/000841.bin	SemanticKitti/sequences/10/polar_512_prlb/000841.pt
10	000844	SemanticKitti/sequences/10/velodyne/000844.bin	SemanticKitti/sequences/10/polar_512_prlb/000844.pt
10	000854	SemanticKitti/sequences/10/velodyne/000854.bin	SemanticKitti/sequences/10/polar_512_prlb/000854.pt
10	000862	SemanticKitti/sequences/10/velodyne/000862.bin	SemanticKitti/sequences/10/polar_512_prlb/000862.pt
10	000869	SemanticKitti/sequences/10/velodyne/000869.bin	SemanticKitti/sequences/10/polar_512_prlb/000869.pt
10	000892	SemanticKitti/sequences/10/velodyne/000892.bin	SemanticKitti/sequences/10/polar_512_prlb/000892.pt
10	001079	SemanticKitti/sequences/10/velodyne/001079.bin	SemanticKitti/sequences/10/polar_512_prlb/001079.pt
10	001092	SemanticKitti/sequences/10/velodyne/001092.bin	SemanticKitti/sequences/10/polar_512_prlb/001092.pt
10	001103	SemanticKitti/sequences/10/velodyne/001103.bin	SemanticKitti/sequences/10/polar_512_prlb/001103.pt
10	001131	SemanticKitti/sequences/10/velodyne/001131.bin	SemanticKitti/sequences/10/polar_512_prlb/001131.pt
10	001140	SemanticKitti/sequences/10/velodyne/001140.bin	SemanticKitti/sequences/10/polar_512_prlb/001140.pt
10	001142	SemanticKitti/sequences/10/velodyne/001142.bin	SemanticKitti/sequences/10/polar_512_prlb/001142.pt
10	001180	SemanticKitti/sequences/10/velodyne/001180.bin	SemanticKitti/sequences/10/polar_512_prlb/001180.pt
10	001189	SemanticKitti/sequences/10/velodyne/001189.bin	SemanticKitti/sequences/10/polar_512_prlb/001189.pt
